{"cameraMode":{"drawMode":0,"name":"Shaded","section":"Shading Mode"},"sceneLighting":true,"audioPlay":false,"sceneViewState":{"m_AlwaysRefresh":false,"showFog":true,"showSkybox":false,"showFlares":true,"showImageEffects":true,"showParticleSystems":true,"showVisualEffectGraphs":true,"m_FxEnabled":true},"in2DMode":false,"pivot":{"x":1.4885854721069337,"y":-12.573749542236329,"z":-2.6305463314056398},"rotation":{"x":0.628742516040802,"y":-0.050017423927783969,"z":0.041725434362888339,"w":0.7755211591720581},"size":21.074857711791993,"orthographic":false}