{"cameraMode":{"drawMode":0,"name":"Shaded","section":"Shading Mode"},"sceneLighting":true,"audioPlay":false,"sceneViewState":{"m_AlwaysRefresh":false,"showFog":true,"showSkybox":false,"showFlares":true,"showImageEffects":true,"showParticleSystems":true,"showVisualEffectGraphs":true,"m_FxEnabled":true},"in2DMode":false,"pivot":{"x":-9.520242691040039,"y":-3.1992244720458986,"z":0.14737428724765778},"rotation":{"x":-0.18245616555213929,"y":0.5460128784179688,"z":-0.12397466599941254,"w":-0.8087999820709229},"size":20.167327880859376,"orthographic":false}