{"cameraMode":{"drawMode":0,"name":"Shaded","section":"Shading Mode"},"sceneLighting":true,"audioPlay":false,"sceneViewState":{"m_AlwaysRefresh":false,"showFog":true,"showSkybox":false,"showFlares":true,"showImageEffects":true,"showParticleSystems":true,"showVisualEffectGraphs":true,"m_FxEnabled":true},"in2DMode":false,"pivot":{"x":11.294053077697754,"y":-6.097567558288574,"z":25.950057983398439},"rotation":{"x":0.153097003698349,"y":0.12815290689468385,"z":-0.019017044454813005,"w":0.9801878333091736},"size":20.167327880859376,"orthographic":false}