{"cameraMode":{"drawMode":0,"name":"Shaded","section":"Shading Mode"},"sceneLighting":true,"audioPlay":false,"sceneViewState":{"m_AlwaysRefresh":false,"showFog":true,"showSkybox":true,"showFlares":true,"showImageEffects":true,"showParticleSystems":true,"showVisualEffectGraphs":true,"m_FxEnabled":true},"in2DMode":false,"pivot":{"x":32.734588623046878,"y":-6.635393142700195,"z":2.1866092681884767},"rotation":{"x":0.15702474117279054,"y":0.7665755748748779,"z":-0.20898327231407166,"w":0.5874742269515991},"size":14.718939781188965,"orthographic":false}