{"cameraMode":{"drawMode":0,"name":"Shaded","section":"Shading Mode"},"sceneLighting":true,"audioPlay":false,"sceneViewState":{"m_AlwaysRefresh":false,"showFog":true,"showSkybox":true,"showFlares":true,"showImageEffects":true,"showParticleSystems":true,"showVisualEffectGraphs":true,"m_FxEnabled":true},"in2DMode":false,"pivot":{"x":39.58530807495117,"y":13.936235427856446,"z":26.330785751342775},"rotation":{"x":-0.04810696840286255,"y":-0.8694144487380981,"z":0.48508119583129885,"w":-0.08823013305664063},"size":0.000017320508050033823,"orthographic":false}