{"cameraMode":{"drawMode":0,"name":"Shaded","section":"Shading Mode"},"sceneLighting":true,"audioPlay":false,"sceneViewState":{"m_AlwaysRefresh":false,"showFog":true,"showSkybox":true,"showFlares":true,"showImageEffects":true,"showParticleSystems":true,"showVisualEffectGraphs":true,"m_FxEnabled":true},"in2DMode":false,"pivot":{"x":-1.3551054000854493,"y":0.4319435954093933,"z":0.3750078082084656},"rotation":{"x":-0.23643510043621064,"y":-0.23702885210514069,"z":0.05959540978074074,"w":-0.9404197335243225},"size":3.292304754257202,"orthographic":false}