{"cameraMode":{"drawMode":0,"name":"Shaded","section":"Shading Mode"},"sceneLighting":true,"audioPlay":false,"sceneViewState":{"m_AlwaysRefresh":false,"showFog":true,"showSkybox":false,"showFlares":true,"showImageEffects":true,"showParticleSystems":true,"showVisualEffectGraphs":true,"m_FxEnabled":true},"in2DMode":false,"pivot":{"x":14.328553199768067,"y":0.6254750490188599,"z":-15.205707550048829},"rotation":{"x":0.42499205470085146,"y":-0.5724199414253235,"z":0.46680334210395815,"w":0.5242103934288025},"size":16.61172866821289,"orthographic":false}